asyncpg_fetch,asyncpg_copy_csv,psycopg_fetchall,psycopg_copy_csv,pgeon_copy
10.630825996398926,3.747727870941162,11.0331552028656,7.068569898605347,2.4770469665527344
10.957483053207397,4.248363018035889,9.576501607894897,6.594688177108765,2.354552984237671
10.83543586730957,4.114742994308472,9.66434907913208,6.774555921554565,2.2988719940185547
